domain,industry,country,status
mkiosk.info,Technology,US,
eventcore.com,Technology,US,
emojicombos.com,Technology,US,
oyunzade.com,Technology,TR,
uyusturucubagimliligi.com,Healthcare,TR,
73ba6.com,Technology,US,
underzsea.com,Technology,US,
medianetis.it,Technology,IT,
privatesportshop.com,Retail,US,
ofm.co.th,Technology,TH,
amnutrition.fr,Retail,FR,
webfic.com,Technology,US,
moon61exactlys.top,Technology,US,
ibnsinatrust.com,Finance,US,
pixflow.net,Technology,US,
generali.rs,Finance,IT,
guoxinhn.com,Technology,CN,
profloorsanding.online,Services,DE,
unigarant.nl,Finance,NL,
trendara.co.in,Technology,IN,
bibliajfa.app,Technology,US,
revistaad.es,Media,ES,
lufthansa-holidays.cn,Travel,DE,
forzapalermo.it,Entertainment,IT,
axaloesungsversicherer.de,Finance,DE,
styrkelabbet.se,Fitness,SE,
roblox.eu,Entertainment,US,
rtumofakl.com,Technology,US,
golf-mysteves.cz,Entertainment,CZ,
sahlgrenska.se,Healthcare,SE,
rfa.ooo,Technology,US,
ifat.de,Technology,DE,
aytopalencia.es,Government,ES,
albionsidequest.co.uk,Entertainment,UK,
wwd-server.eu,Technology,US,
arkansas-catholic.org,Religious,US,
tempoagora.com.br,Media,BR,
nn55.com,Technology,US,
enpass.io,Technology,US,
jasonxu.dev,Technology,US,
getcollectr.com,Technology,US,
turboedgelife.id,Technology,ID,
diecastdirect.com,Retail,US,
akparti.org.tr,Political,TR,
talkbuzztrail.com,Media,US,
utq.edu.iq,Education,IQ,
lmis.gov.et,Government,ET,
gepcom.com,Technology,US,
cntd.ru,Technology,RU,
boyorgirlkw.com,Technology,CA,
courthousenews.com,Media,US,
lambweston.eu,Food,NL,
mediziner-portal.com,Healthcare,DE,
hipobuy.com,Retail,US,
nafeza.gov.eg,Government,EG,
bytedns1.com,Technology,US,
testdevlab.com,Technology,US,
txtsv.com,Technology,US,
projectlan.ru,Technology,RU,
howard.edu,Education,US,
asvt.ru,Technology,RU,
175dr.com,Healthcare,US,
gbankenvergleich.de,Finance,DE,
tiendaelegida.com,Retail,MX,
powerplay.studio,Entertainment,US,
hindikibindi.com,Media,IN,
begrafenissendedeyn.be,Services,BE,
555fb.tw,Technology,TW,
guidetech.uk,Technology,UK,
optimaset.ru,Technology,RU,
stellarslotsbase.com,Entertainment,US,
la-lista.com,Retail,ES,
menlo79.com,Technology,US,
franke-baustoffe.de,Retail,DE,
palmie.jp,Technology,JP,
t6hh.com,Technology,US,
standort.digital,Technology,DE,
higherlowergame.com,Entertainment,US,
grip500.com,Technology,US,
spotterguide.net,Technology,US,
firstav.nl,Technology,NL,
hg33111.com,Technology,US,
globalspark.ca,Technology,CA,
mjwebexperts.host,Technology,US,
palant.info,Technology,US,
omahaoutdoors.com,Retail,US,
callback24.io,Technology,US,
gaichanh.co,Technology,VN,
hdstreamzz.org,Entertainment,US,
stengg.com,Technology,US,
trekpleister.nl,Retail,NL,
thewaterproject.org,Nonprofit,US,
vf238gg.com,Technology,US,
loyalbd.net,Technology,BD,
6777bdt1.com,Technology,US,
swgpos.com,Technology,US,
primewagernetwork.com,Entertainment,US,
arts-museum.ru,Arts,RU,
new88.biz,Technology,VN,
chutogel-daftar.pics,Entertainment,ID,
discover-news.tokyo,Media,JP,
zenwin88b.com,Entertainment,VN,
coreldraw.app,Software,CA,
mva-n.net,Technology,US,
miscareaderezistenta.ro,Retail,RO,
bokepcams.com,Entertainment,US,
cargolux.com,Logistics,LU,
mishka-knizhka.ru,Publishing,RU,
martel.biz,Technology,US,
neptune.ai,Technology,US,
getcomics.info,Media,US,
speed-gazduire.ro,Technology,RO,
nicaraguainvestiga.com,Media,NI,
crystalpm.com,Technology,US,
lidl.dk,Retail,DE,
lang-8.com,Education,JP,
dancekar.com,Entertainment,TR,
galvestontx.gov,Government,US,
newmansown.com,Technology,US,
mosaicinfo.org,Technology,US,
espowerbilisim.com,Technology,TR,
stevens.co.nz,Education,NZ,
prove.hu,Technology,HU,
yogabars.in,Fitness,IN,
debtpayment.net,Finance,US,
playtodaytoday.co.uk,Entertainment,UK,
polygraph.net,Technology,US,
tbsfrance.com,Media,FR,
psma.ru,Technology,RU,
krasnoeibeloe.ru,Technology,RU,
auramultimedios.com,Media,AR,
cww3qrrq4llezz7ct1231.com,Technology,US,
hauntymimmest.com,Entertainment,US,
clustermarket.com,Technology,US,
timeasiasubs.com,Media,US,
equantum.ro,Technology,RO,
mi-pai.cn,Technology,CN,
infoisinfo.com.mx,Media,MX,
cosyhousecollection.com,Retail,UK,
papipum.com,Technology,US,
freshblackjackspace.com,Entertainment,US,
casinovipnova.us,Entertainment,US,
avtoradio.ru,Media,RU,
non-gamstop-casinos.com,Entertainment,US,
keionline.org,Technology,US,
bluenotebook.au,Technology,AU,
almapart.kz,Retail,KZ,
sugardatingreview.com,Technology,US,
spinnetmedia.nl,Media,NL,
vipmark.ca,Technology,CA,
unity-t.pl,Technology,PL,
citeo.com,Technology,US,
101kofemashina.ru,Retail,RU,
techbehindit.com,Technology,US,
rmb-lab.jp,Technology,JP,
soft99.co.jp,Automotive,JP,
mailfilter.net.au,Technology,AU,
cfu.cam,Technology,US,
edac.net,Technology,US,
wego.co.za,Travel,ZA,
ca7friends.top,Technology,US,
inklestudios.com,Games,UK,
marketho.cn,Technology,CN,
njnet.edu.cn,Education,CN,
ijnrd.org,Technology,US,
maju24.vip,Technology,US,
computerandlaptopsales.com.au,Retail,AU,
educdesign.lu,Education,LU,
well.app,Technology,US,
newssy.click,Media,US,
cpapstore.eu,Retail,US,
y-r.by,Technology,BY,
9xmovies.navy,Entertainment,IN,
shaktiyoganilaya.com,Fitness,IN,
repstor.com,Technology,US,
peruanoespanol.edu.pe,Education,PE,
traditionstores.com,Retail,US,
opencart-cms.ru,Software,RU,
jrjr.com,Technology,US,
shilav.co.il,Technology,IL,
hailtrace.com,Technology,US,
lmld.org,Technology,US,
iceout.org,Technology,US,
devid.info,Technology,US,
crystalhonda.in,Automotive,IN,
petitforestier.com,Retail,FR,
philips.com.au,Electronics,NL,
sandsmedia.com,Media,US,
eevblog.com,Technology,AU,
autokan.nl,Automotive,NL,
rollixresources.co.uk,Technology,UK,
studentsunionucl.org,Education,UK,
peachandlily.com,Retail,US,
eastlondonmosque.org.uk,Religious,UK,
4trump.icu,Technology,US,
laimoon.com,Education,AE,
lk-starnberg.de,Government,DE,
jcjoelcellsystem.com,Technology,US,
pfrf.ru,Government,RU,
internet-technologies.ru,Technology,RU,
admine.co.kr,Technology,KR,
transportnsw.info,Government,AU,
ppiegdj.com,Technology,US,
3dfreestats.com,Technology,US,
sabbioni.it,Technology,IT,
1jj9.com,Technology,US,
evidenceforlearning.net,Education,AU,
resova.us,Technology,US,
boldfeedbuzz.com,Media,US,
terra.gr,Technology,GR,
hanimesubth.com,Entertainment,TH,
gamingflow.co.uk,Entertainment,UK,
doualaprime.com,Media,CM,
festivalmaas.nl,Entertainment,NL,
phonehouse.es,Retail,ES,
toolbox.com,Technology,US,
neousys-tech.com,Technology,US,
bhutanraasilottery.com,Entertainment,BT,
isfedu.ir,Education,IR,
nilepost.co.ug,Media,UG,
iupui.edu,Education,US,
cmtags.io,Technology,US,
cotalacalera.com.ar,Entertainment,AR,
ezt-online.de,Retail,DE,
myamplify.io,Technology,US,
bulmaca-sozlugum.com,Entertainment,TR,
radiodetali.com.ua,Retail,UA,
asclyziarskyklub.sk,Sports,SK,
confesercenti.it,Business,IT,
optum.com,Healthcare,US,
clickclack-solutions.com,Technology,US,
smarterstech.com,Technology,US,
pgfun.games,Entertainment,US,
scsys.co.uk,Technology,UK,
dalma.tech,Technology,US,
pixroute.com,Technology,US,
agilenetwork.us,Technology,US,
ompong188nice.blog,Technology,US,
unnerv.jp,Technology,JP,
kinovod290623.cc,Entertainment,RU,
fullcircle.com,Technology,US,
linenservices.com,Services,US,
guide.co,Technology,US,
leicacamerausa.com,Electronics,DE,
intercom.pro,Technology,US,
memberedelivery.com,Technology,US,
getmiso.com,Technology,US,
cbsnorthstar.com,Media,US,
aliyunddos1027.com,Technology,CN,
srisritattva.com,Wellness,IN,
virtualjournal.de,Media,DE,
karpaten.ro,Entertainment,RO,
choicemutual.com,Finance,US,
shcollege.online,Education,BR,
canal-plus.com,Entertainment,FR,
holotower.org,Technology,US,
fourtimessmelly.com,Technology,US,
200velo.com,Sports,FR,
newsbreak.gr,Media,GR,
claremontmckenna.edu,Education,US,
knowsleysafariexperience.co.uk,Entertainment,UK,
coal.gov.in,Government,IN,
sidehusl.com,Technology,US,
stayaka.com,Technology,JP,
dasdaily.com,Media,US,
tunicaragua.com,Technology,NI,
data-systems.fi,Technology,FI,
unar.edu.br,Education,BR,
vadretidag.se,Media,SE,
webmonitorx.ru,Technology,RU,
infogas.com.pe,Energy,PE,
provemyage.com,Technology,US,
watery.dk,Technology,DK,
fda.gov.ph,Government,PH,
lemarchejaponais.fr,Retail,FR,
runnr.com.ph,Technology,PH,
musicpriceguide.com,Media,US,
trivela.com.br,Media,BR,
budoland.com,Sports,US,
slotsforum.us,Entertainment,US,
rucolor.tv,Media,RU,
nlg.nhs.uk,Government,UK,
actuconnecteonline.fr,Finance,FR,
promotiiconstanta.ro,Entertainment,RO,
m7a.me,Technology,US,
sakura.ne.jp,Technology,JP,
drugwatch.com,Healthcare,US,
aics.ad.jp,Technology,JP,
manchesterinklink.com,Media,UK,
force24.co.uk,Technology,UK,
jinjibu.jp,Government,JP,
lignea.co.jp,Technology,JP,
hackintosh-forum.de,Technology,DE,
sm605e.com,Technology,US,
dnsjack.info,Technology,US,
cornercurrentblog.uk,Media,UK,
lughterdession.com,Technology,US,
renata.com.br,Retail,BR,
kaymbu.com,Education,KE,
stellantisandyou.co.uk,Automotive,UK,
samsun.edu.tr,Education,TR,
moon33returns.xyz,Technology,US,
anypay.uk,Finance,UK,
viberu.com,Technology,US,
emythmakers.net,Technology,US,
cdnhwcbzj102.com,Technology,US,
trustdeals.it,Technology,IT,
learnohub.com,Education,US,
ibp.org.br,Technology,BR,
heroine.fun,Entertainment,US,
qirloith.com,Technology,US,
workingholidayjobs.com.au,Employment,AU,
christysports.com,Retail,US,
verticalloto.com,Entertainment,US,
oxfordcollege.edu.au,Education,AU,
c21media.net,Media,US,
rstcloud2.com,Technology,US,
dagbladet.no,Media,NO,
deadlockmeta.com,Technology,US,
trt12.gov.br,Government,BR,
culturekings.com,Retail,AU,
admrmr.ru,Technology,RU,
checkyourprojects.info,Technology,US,
spsm.com.co,Technology,CO,
licorea.com,Retail,US,
yellohvillage.nl,Travel,IT,
mercedes-world.com,Automotive,US,
fseonline.it,Technology,IT,
teknikpuls.se,Technology,SE,
0518.info,Technology,US,
youcanbuy.ru,Retail,RU,
controlhelm30.com,Technology,US,
citizenangle.com,Media,US,
vidgridcdn.online,Technology,US,
fishshell.com,Software,US,
arkeolojisanat.com,Arts,TR,
alunos-idc.com.br,Education,BR,
slotgrid699.de,Entertainment,US,
xhweb.live,Technology,US,
liberty-tech.online,Technology,US,
ecustomersupport.com,Technology,US,
irdomain.net,Technology,US,
alter.es,Media,ES,
chapstick.com,Retail,US,
cns-inc.com,Technology,US,
insurancefraud.org,Technology,US,
martindow.com,Technology,UK,
qqa678.com,Technology,US,
cpacf.org.ar,Government,AR,
anna.k12.oh.us,Education,US,
skandishop.com,Retail,DK,
peel-prod.com,Technology,US,
inpulse.fun,Entertainment,US,
vs77cc.pro,Technology,US,
auchan.ua,Retail,UA,
360-plan.de,Finance,DE,
yazawaj.com,Technology,US,
reply.com,Technology,US,
byteopt.com,Technology,US,
ums.edu.my,Education,MY,
gameboxcn.xyz,Entertainment,CN,
stephanielancelotphotographe.com,Photography,FR,
aleupominek.pl,Technology,US,
nishinojinja.or.jp,Religious,JP,
sailinganarchy.com,Sports,US,
rovers.pk,Automotive,PK,
scandichotels.com,Travel,SE,
bpi.fr,Business,FR,
technetium.network,Technology,US,
roxtower.vn,Technology,VN,
mineapkgratis.com.br,Technology,BR,
memoirevoix.fr,Media,FR,
demo.cv.ua,Technology,UA,
mybeian.com,Technology,US,
focuspositif.fr,Wellness,FR,
filmgoda.ru,Entertainment,RU,
ofunato.jp,Government,JP,
dashjr.org,Technology,US,
sevdetal.ru,Retail,RU,
soundcloud.cloud,Music,DE,
zhongguojie.org,Technology,US,
artikelpush.de,Media,DE,
ramenbet249.ru,Entertainment,RU,
mailstation.de,Technology,DE,
avanticart.ro,Retail,RO,
cytracom.net,Technology,US,
whatsyou.online,Technology,US,
sify.net,Technology,IN,
leszexpertsfle.com,Education,FR,
medion-fabrikverkauf.de,Retail,DE,
usa7ables.top,Retail,US,
teenh.net,Technology,US,
kkrtc.org,Government,IN,
internationaldriveorlando.com,Entertainment,US,
skpari.ru,Sports,RU,
viparena.nl,Sports,NL,
zhinengfun.com,Technology,US,
michlala.edu,Education,IL,
bootsman.site,Technology,US,
massmart.co.za,Retail,ZA,
vintoz.com,Technology,US,
lavka-molfara.com.ua,Retail,UA,
graphicburger.com,Design,US,
downloadhub.social,Technology,US,
dead.pw,Technology,US,
zee7withss.top,Entertainment,US,
spinxo.com,Technology,US,
tkglonass.ru,Technology,RU,
turnkey-lender.com,Finance,US,
melbet-751074.top,Entertainment,US,
ambrook.com,Finance,US,
podcastera.es,Media,ES,
karaspartyideas.com,Services,US,
dappervolk.com,Entertainment,US,
earlybird.club,Technology,US,
behindthevoiceactors.com,Entertainment,US,
index.or.jp,Government,JP,
1xbet-sy.top,Entertainment,CY,
listenbrainz.org,Music,US,
www1.biz,Technology,US,
holmes.bg,Technology,BG,
byteworx.net,Technology,US,
peakwisely.com,Finance,US,
roulettefactory.co.uk,Entertainment,UK,
1ce.xyz,Technology,US,
p5z8t1qk.com,Technology,US,
planbee.com,Education,US,
imageafter.com,Technology,US,
mediatodaynews.co.uk,Media,UK,
ekon.es,Entertainment,ES,
eyeincloud.com,Technology,US,
purple.fr,Technology,US,
kinoteka.pl,Entertainment,PL,
budujemydom.pl,Real Estate,PL,
infoukes.com,Technology,US,
joomla51.com,Technology,US,
jobprotech.com,Employment,US,
jrustonapps.info,Technology,US,
getrak.com.br,Technology,BR,
gachon.ac.kr,Education,KR,
progrtb.com,Technology,US,
condor.dz,Technology,US,
betterspace.de,Technology,DE,
istation.com,Education,US,
anagrams.net,Technology,US,
genesis-music.com,Music,US,
uechi-ryu.com,Sports,US,
habcat.com,Technology,US,
danezon.com,Technology,US,
flamble.net,Entertainment,US,
vin65.com,Retail,US,
okasan.net,Finance,JP,
dco.cz,Technology,CZ,
rockinconcerts.com,Entertainment,US,
koko15.co.uk,Technology,US,
black-flirt.de,Technology,US,
cbre.co.in,Real Estate,US,
i-ca.vn,Technology,VN,
kossuth.hu,Education,HU,
linke.ai,Technology,US,
igshopweb.com,Retail,US,
mtgpq.info,Entertainment,US,
foodblogalliance.com,Media,US,
statyi-o-marketinge1.ru,Media,RU,
madisonseating.com,Retail,US,
shopithemba.com,Retail,ZA,
valogin.com,Technology,US,
daedalusonline.eu,Entertainment,US,
tefal.pl,Retail,FR,
hochschule-bochum.de,Education,DE,
becausetherescrunchinmyskittles.com,Technology,US,
eric1819.com,Technology,US,
vsereki.ru,Technology,RU,
cdnhwctnm107.com,Technology,US,
tvo.org,Education,CA,
fffff.at,Technology,AT,
twloha.com,Nonprofit,US,
semangat33.co,Technology,US,
sweepwidget.com,Technology,US,
budgetmailboxes.com,Retail,US,
nsudemons.com,Sports,US,
webcamtests.com,Technology,US,
ivest.kz,Technology,KZ,
flaminhot.com,Retail,US,
growweedeasy.com,Gardening,US,
convergentcmg.com,Media,US,
maggierogers.com,Entertainment,US,
ettdnsv.com,Technology,US,
ipc.pt,Technology,PT,
cyberstreet.com,Technology,US,
cruz.com,Technology,US,
zwielkopolski24.pl,Media,PL,
graintrade.com.ua,Agriculture,UA,
underarmour.rs,Retail,US,
bosch-home.ro,Electronics,DE,
tjytjcgc.com,Technology,US,
avclipx.net,Technology,US,
newerail.com,Technology,UK,
minstercommunitypost.com,Media,UK,
ngaugeforum.co.uk,Technology,UK,
